"id";"eventId";"eventName";"eventCountry";"eventDate";"finishTimes";"avgFinishTimeInMin";"fastestFinishTimeInMin";"createdAt"
1;215;tokoinranta;Finland;2025-04-12 00:00:00.000;{1158,1169,1261,1300,1318,1332,1340,1344,1347,1402,1413,1453,1462,1473,1480,1487,1489,1498,1504,1511,1560,1570,1572,1575,1590,1594,1595,1610,1614,1614,1615,1632,1650,1655,1656,1662,1682,1683,1743,1813,1818,1843,1847,1860,1884,1904,1928,1934,1965,1967,2002,2018,2053,2075,2111,2117,2123,2183,2184,2302,2454,2526,2526,2527,2729,3247,3248};29.80124378109453;19.3;2025-04-12 14:59:14.847
2;214;tokoinranta;Finland;2025-04-05 00:00:00.000;{1143,1149,1165,1263,1276,1281,1360,1396,1409,1428,1439,1445,1538,1555,1569,1573,1581,1583,1606,1609,1612,1638,1643,1665,1703,1709,1709,1713,1716,1716,1757,1797,1823,1882,1897,1913,1941,1942,1966,1975,1996,2010,2012,2015,2025,2026,2037,2039,2042,2056,2076,2089,2175,2201,2202,2248,2261,2277,2325,2389,2560,2565,2597,2600,2871,2965,3043,3401,3402};32.02657004830918;19.05;2025-04-12 14:59:15.002
3;213;tokoinranta;Finland;2025-03-29 00:00:00.000;{1102,1140,1147,1169,1250,1254,1257,1258,1271,1286,1359,1364,1397,1401,1406,1413,1416,1417,1446,1452,1461,1463,1470,1470,1471,1539,1546,1551,1568,1570,1573,1603,1608,1615,1616,1618,1625,1628,1633,1642,1645,1647,1654,1656,1660,1667,1668,1683,1684,1688,1689,1697,1704,1706,1715,1720,1748,1768,1769,1770,1804,1818,1818,1853,1858,1865,1870,1903,1910,1911,1916,1924,1938,1939,1951,1953,1954,2019,2026,2031,2032,2048,2060,2127,2166,2218,2248,2248,2251,2253,2254,2336,2347,2387,2403,2478,2479,3003,3023,3518,3633,3885,3886};30.57556634304207;18.36666666666667;2025-04-12 14:59:15.133
4;212;tokoinranta;Finland;2025-03-22 00:00:00.000;{936,1007,1112,1166,1170,1183,1232,1236,1275,1344,1350,1369,1397,1410,1424,1454,1455,1486,1490,1526,1539,1554,1565,1589,1595,1595,1596,1608,1613,1619,1654,1668,1674,1702,1706,1721,1723,1736,1763,1765,1843,1858,1867,1871,1875,1880,1883,1897,1920,1931,1955,2006,2180,2181,2232,2236,2237,2248,2249,2264,2270,2326,2327,2363,2491,2516,2516,2525,2815,3005,3005,3289,3481,3484,3535};31.45955555555555;15.6;2025-04-12 14:59:15.245
5;211;tokoinranta;Finland;2025-03-15 00:00:00.000;{1137,1147,1216,1249,1278,1284,1286,1334,1346,1346,1399,1418,1447,1483,1486,1504,1531,1535,1571,1591,1594,1598,1598,1606,1617,1630,1652,1654,1668,1674,1679,1684,1706,1763,1764,1781,1782,1805,1811,1849,1851,1918,1935,1950,1952,1983,2008,2021,2064,2098,2112,2112,2134,2136,2140,2141,2235,2236,2485,2675,2676,2873,2895,3254,3256,3264,3587};31.21741293532338;18.95;2025-04-12 14:59:15.336
6;210;tokoinranta;Finland;2025-03-08 00:00:00.000;{1029,1075,1144,1160,1238,1259,1262,1274,1291,1306,1308,1378,1391,1413,1433,1486,1488,1493,1498,1517,1518,1587,1596,1612,1612,1618,1625,1645,1652,1671,1677,1679,1702,1703,1743,1748,1766,1780,1787,1828,1831,1839,1839,1849,1852,1858,1858,1859,1860,1860,1868,1911,1914,1935,1953,1956,1997,2034,2051,2052,2068,2126,2135,2156,2178,2200,2263,2270,2308,2316,2399,2428,2431,2660,2661,2681,3107,3107,3539,3546,3548};31.33641975308642;17.15;2025-04-12 14:59:15.443
7;209;tokoinranta;Finland;2025-03-01 00:00:00.000;{1117,1153,1175,1175,1250,1268,1268,1340,1349,1368,1377,1394,1415,1472,1489,1508,1510,1518,1523,1553,1555,1562,1563,1582,1606,1614,1619,1624,1634,1643,1702,1720,1723,1724,1734,1745,1779,1784,1787,1788,1800,1816,1880,1884,1888,1907,1915,1922,1922,1936,1996,2014,2036,2036,2044,2113,2135,2289,2301,2319,2328,2395,2683,2722,2937,3047,3048,3257,3473,3474,3476,3477,3584,3585,3590,3592};33.23048245614035;18.61666666666667;2025-04-12 14:59:15.562
8;208;tokoinranta;Finland;2025-02-22 00:00:00.000;{1141,1167,1192,1226,1261,1290,1309,1314,1317,1334,1357,1366,1489,1498,1509,1539,1573,1593,1594,1621,1654,1674,1683,1703,1726,1751,1752,1762,1768,1854,1884,1884,1892,1894,1904,1928,1949,1953,1981,1987,1992,1994,2012,2029,2071,2072,2081,2087,2246,2246,2255,2256,2263,2314,2315,2384,2393,2584,2596,2597,3056,3114,3139,3140,3300,3355,3358,3359,3544,3545};33.80238095238095;19.01666666666667;2025-04-12 14:59:15.662
9;207;tokoinranta;Finland;2025-02-15 00:00:00.000;{1175,1330,1389,1402,1410,1465,1498,1508,1516,1554,1591,1607,1614,1627,1665,1687,1690,1718,1748,1785,1793,1793,1841,1846,1882,1883,1892,1954,1963,1976,2024,2106,2165,2173,2243,2266,2274,2275,2370,2381,2381,2529,2529,2529,2907,3074,3076,3096,3196,3196,3358};33.97058823529412;19.58333333333333;2025-04-12 14:59:15.756
10;206;tokoinranta;Finland;2025-02-08 00:00:00.000;{1148,1162,1167,1171,1188,1189,1227,1238,1239,1275,1277,1285,1287,1301,1308,1315,1318,1320,1368,1403,1429,1430,1450,1481,1482,1491,1496,1505,1513,1552,1556,1558,1559,1565,1567,1581,1585,1604,1617,1619,1622,1633,1667,1676,1716,1724,1726,1729,1730,1735,1740,1761,1761,1806,1846,1848,1882,1943,1961,1968,1983,1990,1990,1991,2028,2112,2177,2213,2268,2271,2318,2434,2469,2469,2664,2799,2916,2926,2926};28.74345991561182;19.13333333333333;2025-04-12 14:59:15.854
11;205;tokoinranta;Finland;2025-02-01 00:00:00.000;{1136,1185,1190,1227,1253,1282,1285,1299,1301,1315,1339,1351,1365,1369,1369,1389,1392,1414,1456,1461,1463,1521,1522,1539,1541,1563,1564,1571,1592,1601,1616,1617,1626,1634,1641,1644,1650,1678,1681,1682,1694,1715,1730,1740,1742,1743,1749,1754,1792,1830,1854,1857,1858,1861,1865,1885,1916,1922,1930,1935,2002,2042,2067,2078,2200,2352,2484,2484,2498,2498,2515,2515,2732,2733,2961,2962,2963,2988,3064,3214,3214,3246,3248,3413,3416,3573};32.20116279069767;18.93333333333333;2025-04-12 14:59:15.961
12;204;tokoinranta;Finland;2025-01-25 00:00:00.000;{1161,1185,1195,1254,1258,1332,1335,1341,1347,1369,1397,1420,1497,1587,1587,1605,1622,1668,1677,1683,1724,1745,1770,1773,1797,1807,1829,1917,1988,1990,1999,2027,2028,2098,2113,2124,2134,2196,2196,2199,2550,2565,2742,2743,2756,2760,2772,3078,3179};31.67312925170068;19.35;2025-04-12 14:59:16.056
13;203;tokoinranta;Finland;2025-01-18 00:00:00.000;{1304,1335,1401,1401,1418,1424,1464,1489,1538,1545,1555,1559,1577,1582,1592,1629,1638,1655,1678,1683,1695,1717,1721,1722,1742,1754,1756,1768,1828,1830,1831,1837,1853,1854,1863,1871,1894,1913,1977,1985,2005,2006,2010,2025,2050,2064,2090,2091,2096,2101,2104,2105,2117,2122,2357,2556,2697,2818,2961,2962,3018,3350,3351,3448};32.6515625;21.73333333333333;2025-04-12 14:59:16.148
14;202;tokoinranta;Finland;2025-01-11 00:00:00.000;{1119,1152,1245,1332,1436,1438,1619,1659,1673,1679,1738,1740,1745,1820,1862,1866,1868,1877,1886,1963,1968,1971,1972,1981,1982,2004,2004,2043,2075,2156,2179,2214,2293,2294,2298,2312,2352,2648,2825,2909,3622,3624,3846};34.22054263565892;18.65;2025-04-12 14:59:16.238
15;201;tokoinranta;Finland;2025-01-04 00:00:00.000;{1281,1452,1453,1568,1610,1713,1732,1744,1833,1858,1890,1898,1898,1910,1910,1914,1937,1947,1949,1950,1976,1987,1999,2143,2205,2206,2287,2802,2927,3050,3232,3233,3234,3397,3518,3724,3725,4013};38.20394736842105;21.35;2025-04-12 14:59:16.333
16;200;tokoinranta;Finland;2025-01-01 00:00:00.000;{1201,1269,1282,1379,1442,1447,1490,1614,1659,1673,1685,1686,1731,1734,1739,1771,1771,1828,1838,1846,1934,1935,1961,1962,1981,1982,1995,2001,2002,2008,2009,2042,2155,2318,2328,2417,2558,2857,2859,2984,3064,3147,3494,3500,3515,3516,3772,3776};36.165625;20.01666666666667;2025-04-12 14:59:16.454
17;163;pokkinen;Finland;2025-04-12 00:00:00.000;{1433,1603,1709,1744,1939,1946,1947,1959,2111,2112,2252,2384,2500,2530,2533,2663,2676};35.3343137254902;23.88333333333333;2025-04-12 15:00:29.545
18;162;pokkinen;Finland;2025-04-05 00:00:00.000;{1130,1186,1200,1212,1304,1318,1333,1351,1356,1392,1408,1418,1464,1497,1501,1523,1696,1723,1747,1764,1835,1839,1929,2118,2157,2309,2425,2648,3046,3049};28.82111111111111;18.83333333333333;2025-04-12 15:00:29.692
19;161;pokkinen;Finland;2025-03-29 00:00:00.000;{1167,1193,1255,1323,1361,1393,1463,1613,1969,2338,2645,2666,2821};29.7525641025641;19.45;2025-04-12 15:00:29.784
20;160;pokkinen;Finland;2025-03-08 00:00:00.000;{1219,1289,1329,1330,1365,1371,1383,1396,1404,1412,1477,1500,1515,1532,1584,1706,1727,1746,1797,1856,1879,1882,2897,3222,3239,3240};29.6775641025641;20.31666666666667;2025-04-12 15:00:29.879
21;159;pokkinen;Finland;2025-02-22 00:00:00.000;{1215,1299,1360,1575,1610,1635,1691,1728,1742,1858,1858,1868,1872,1904,1998,2191,2931,2944,2945,2971};32.6625;20.25;2025-04-12 15:00:29.983
22;158;pokkinen;Finland;2025-02-15 00:00:00.000;{1204,1221,1314,1356,1379,1428,1442,1452,1661,1666,1674,1695,1786,2544,2544,2602,2624};29.01176470588235;20.06666666666667;2025-04-12 15:00:30.067
23;157;pokkinen;Finland;2025-02-08 00:00:00.000;{1234,1240,1294,1381,1486,1489,1491,1500,1520,1583,1613,1718,1796,1840,2224,2225,2261,2484,3094,3095};30.47333333333334;20.56666666666667;2025-04-12 15:00:30.169
24;156;pokkinen;Finland;2025-02-01 00:00:00.000;{1269,1310,1393,1492,1755,1865,1910,1913,2176,2177,2630,3370,3373};34.1448717948718;21.15;2025-04-12 15:00:30.269
25;155;pokkinen;Finland;2025-01-25 00:00:00.000;{1238,1289,1319,1338,1404,1414,1504,1568,1643,1760,1823,1868,1883,1892,1954,1955,2421,2440,2474,2475};29.71833333333333;20.63333333333333;2025-04-12 15:00:30.371
26;154;pokkinen;Finland;2025-01-04 00:00:00.000;{1272,1387,1414,1520,1758,1854,1897,1900,1916,1917,2054,2056,2103,2303,2461,2462};31.53541666666667;21.2;2025-04-12 15:00:30.473
27;112;puolarmaari;Finland;2025-04-12 00:00:00.000;{1415,1442,1590,1740,1817,1916,1989,3307,3308};34.3037037037037;23.58333333333333;2025-04-12 15:01:39.894
28;111;puolarmaari;Finland;2025-04-05 00:00:00.000;{1231,1282,1297,1306,1380,1386,1387,1389,1397,1402,1405,1489,1546,1553,1559,1587,1590,1605,1606,1619,1625,1662,1700,1798,1810,1828,1842,1850,1857,1865,1884,1889,1895,1914,1915,1932,1956,2010,2051,2131,2300,2300,2379,2380,2464,2530,2657,2658,3318,3319,3530,3531};31.98589743589744;20.51666666666667;2025-04-12 15:01:40.071
29;120;lahdensatama;Finland;2025-04-12 00:00:00.000;{1495,1495,1585,1621,1622,1728,1809,1842,1882,2118,2199,2828,2829,3225,3226,3232,3289};37.27941176470588;24.91666666666667;2025-04-12 15:02:26.152
30;119;lahdensatama;Finland;2025-04-05 00:00:00.000;{1186,1187,1358,1406,1575,1576,1614,1678,1681,1682,1754,1757,1897,1931,2081,2103,2156,3202,3203,3532};32.1325;19.76666666666667;2025-04-12 15:02:26.271
31;118;lahdensatama;Finland;2025-03-29 00:00:00.000;{1242,1247,1269,1297,1349,1432,1447,1487,1501,1504,1518,1600,1675,1690,1759,1787,1855,1913,1966,1967,2235,2397,2399,2516,2831,3241};30.20769230769231;20.7;2025-04-12 15:02:26.364
32;117;lahdensatama;Finland;2025-03-22 00:00:00.000;{1188,1219,1266,1279,1361,1406,1443,1449,1736,1743,1816,1819,1824,1913,1938,2115,2119,2738,2739,3126};30.1975;19.8;2025-04-12 15:02:26.464
33;116;lahdensatama;Finland;2025-03-15 00:00:00.000;{1258,1275,1329,1393,1585,1585,1599,1694,1708,1757,1770,1785,1802,2118,2155,2248,2315,2323,2726,3103,3103,3605,3659,3677,3678};36.83333333333334;20.96666666666667;2025-04-12 15:02:26.555
34;115;lahdensatama;Finland;2025-03-08 00:00:00.000;{1244,1263,1276,1301,1330,1432,1494,1512,1598,1756,1759,1770,1854,1891,1909,1944,2048,2075,2198,2211,2293,2315,2412,2859,3331,3339};32.31666666666667;20.73333333333333;2025-04-12 15:02:26.651
35;114;lahdensatama;Finland;2025-03-01 00:00:00.000;{1688,1693,1695,1696,1706,1723,1844,1906,1907,2000,2140,2457,2623,3017,3018,3025};35.56041666666667;28.13333333333333;2025-04-12 15:02:26.742
36;113;lahdensatama;Finland;2025-02-22 00:00:00.000;{1352,1448,1558,1627,1829,1937,1938,2166,2169,2226,2828,2930,3221,3222};36.25119047619047;22.53333333333333;2025-04-12 15:02:26.840
37;112;lahdensatama;Finland;2025-02-15 00:00:00.000;{1478,1479,1617,1844,2080,2081,2134,2136,2947,3313,3314};37.00454545454546;24.63333333333333;2025-04-12 15:02:26.937
38;111;lahdensatama;Finland;2025-02-08 00:00:00.000;{1250,1267,1272,1465,1514,1515,1605,1715,1722,1845,2517,3022,3023,3201,3203};33.48444444444444;20.83333333333333;2025-04-12 15:02:27.037
39;110;lahdensatama;Finland;2025-02-01 00:00:00.000;{1169,1232,1259,1469,1469,1469,1479,1548,1700,1843,1843,2217,2875,2875,3086,3087,3124};33.08235294117647;19.48333333333333;2025-04-12 15:02:27.122
40;109;lahdensatama;Finland;2025-01-25 00:00:00.000;{1310,1313,1336,1338,1358,1366,1376,1858,1876,2646,2648,4567,4579};35.34743589743589;21.83333333333333;2025-04-12 15:02:27.216
41;108;lahdensatama;Finland;2025-01-11 00:00:00.000;{1642,1683,1875,2134,2151,2158,2162,2173,3118,3118,3128};38.3969696969697;27.36666666666667;2025-04-12 15:02:27.304
42;107;lahdensatama;Finland;2025-01-04 00:00:00.000;{1456,1534,1535,1663,1864,2011,2011,3242};31.90833333333333;24.26666666666667;2025-04-12 15:02:27.401
43;251;vaaksynkanava;Finland;2025-04-12 00:00:00.000;{1547,1668,1669,1716,1755,1782,1859,1901,1932,1934,1973,2000,2196,2254,2596,2734,3075,3075,3107,3165,3177,3260,3352,3553,3561,3562};41.28397435897435;25.78333333333333;2025-04-12 15:03:26.181
44;250;vaaksynkanava;Finland;2025-04-05 00:00:00.000;{1389,1439,1516,1517,1664,1709,1748,1888,1961,1982,2042,2086,2087,2095,2182,2216,2368,2377,2690,2711,2717,3075,3094,3107,3332,3336};37.38974358974359;23.15;2025-04-12 15:03:26.336
45;249;vaaksynkanava;Finland;2025-03-29 00:00:00.000;{1411,1648,1795,1798,1839,1881,1893,1900,1917,2027,2035,2039,2096,2630,2631,2898,3054,3069,3126,3128};37.34583333333333;23.51666666666667;2025-04-12 15:03:26.443
46;248;vaaksynkanava;Finland;2025-03-22 00:00:00.000;{1688,1823,1850,1867,1902,1922,2133,2143,2326,2849,3070,3077,3082};38.11794871794871;28.13333333333333;2025-04-12 15:03:26.536
47;247;vaaksynkanava;Finland;2025-03-15 00:00:00.000;{1251,1443,1614,1615,1668,1876,1898,1898,1992,2013,2047,2053,2095,2204,2223,2410,2594,3033,3156,3157,3198,3199};36.84621212121213;20.85;2025-04-12 15:03:26.621
48;246;vaaksynkanava;Finland;2025-02-22 00:00:00.000;{1383,1544,1683,1777,1923,1939,1939,2053,2107,2165,2174,2174,2329,2438,2447,2462,2592,2846,3118,3294,3443,3449};38.84772727272728;23.05;2025-04-12 15:03:26.727
49;245;vaaksynkanava;Finland;2025-02-15 00:00:00.000;{1628,1693,1807,1951,1951,2114,2223,2318,2326,2562,3060,3197,3213,3238,3239};40.57777777777778;27.13333333333333;2025-04-12 15:03:26.807
50;244;vaaksynkanava;Finland;2025-02-08 00:00:00.000;{1372,1652,1836,1872,1876,2024,2025,2180,2327,2334,2347,2599,3116,3117,3140,3268,3281,3316,3320};41.2298245614035;22.86666666666667;2025-04-12 15:03:26.899
51;243;vaaksynkanava;Finland;2025-01-25 00:00:00.000;{1695,1733,2041,2230,2258,2326,2336,2363,2999,3046,3047,3229,3277,3372,3386,3418};44.5375;28.25;2025-04-12 15:03:26.994
52;242;vaaksynkanava;Finland;2025-01-18 00:00:00.000;{1513,1552,1683,1712,1726,1726,2023,2120,2143,2153,2308,2441,2441,3003,3308,3309,3437,3447,3584,3594};41.01916666666667;25.21666666666667;2025-04-12 15:03:27.086
53;241;vaaksynkanava;Finland;2025-01-11 00:00:00.000;{1558,1872,1872,1976,2304,2376,2863,3171,3208,3318,3319,3507,3542,3553};45.76071428571429;25.96666666666667;2025-04-12 15:03:27.178
54;240;vaaksynkanava;Finland;2025-01-04 00:00:00.000;{1625,2034,2274,2467,2470,2959,2992,2995,2996,3158,3159,3198};44.89861111111111;27.08333333333333;2025-04-12 15:03:27.264
55;299;tampere;Finland;2025-04-12 00:00:00.000;{1150,1443,1450,1484,1529,1533,1544,1576,1591,1628,1690,1732,1755,1774,1786,1795,1855,1859,1982,1982,2134,2135,2394,2667,2792,2957,3395,3396,3405};33.57068965517242;19.16666666666667;2025-04-12 15:04:10.746
56;298;tampere;Finland;2025-04-05 00:00:00.000;{1115,1197,1211,1215,1221,1323,1334,1342,1342,1351,1358,1361,1361,1362,1381,1392,1394,1400,1413,1421,1423,1425,1477,1491,1505,1519,1536,1551,1554,1559,1562,1577,1588,1600,1632,1679,1688,1713,1715,1718,1767,1778,1792,1794,1839,1844,1878,1879,1903,1908,1910,1910,1932,1934,1937,1942,1950,1962,1974,2058,2059,2060,2111,2119,2171,2340,2410,2411,2411,2485,2486,2498,2668,2721,2799,2935,3036,3059,3165,3167,3207,3213};31.18455284552845;18.58333333333333;2025-04-12 15:04:10.892
57;297;tampere;Finland;2025-03-29 00:00:00.000;{1129,1156,1171,1225,1249,1276,1281,1283,1305,1350,1414,1419,1436,1459,1461,1465,1470,1499,1524,1537,1556,1574,1593,1624,1647,1655,1671,1720,1731,1744,1747,1779,1796,1823,1825,1905,1905,1908,1926,1939,1982,1984,2006,2007,2007,2067,2100,2110,2138,2145,2219,2222,2314,2360,2430,2528,2735,2776,2778,3309,3310,3311};30.91801075268817;18.81666666666667;2025-04-12 15:04:11.008
58;296;tampere;Finland;2025-03-22 00:00:00.000;{1091,1149,1167,1247,1260,1277,1282,1284,1311,1331,1350,1431,1455,1505,1522,1535,1542,1543,1552,1566,1567,1571,1593,1601,1615,1673,1718,1736,1749,1786,1795,1821,1861,1957,1992,2034,2103,2122,2222,2242,2280,2280,2435,2499,2527,2638,2914,3189,3190,3194,3197,3214,3222,3223,3225,3225};32.91964285714285;18.18333333333333;2025-04-12 15:04:11.146
59;295;tampere;Finland;2025-03-15 00:00:00.000;{1123,1130,1138,1229,1244,1275,1294,1362,1363,1364,1376,1402,1410,1427,1432,1436,1438,1447,1454,1584,1613,1615,1617,1622,1647,1648,1674,1683,1697,1700,1727,1729,1757,1805,1829,1851,1941,2120,2121,2122,2148,2179,2187,2188,2268,2709,2762,2763,2902,2990,3022,3042,3043,3076,3080,3382,3382,3409,3410};32.87796610169492;18.71666666666667;2025-04-12 15:04:11.245
60;294;tampere;Finland;2025-03-08 00:00:00.000;{1164,1215,1308,1326,1333,1374,1386,1391,1396,1396,1561,1587,1591,1592,1606,1644,1681,1702,1721,1742,1743,1743,1933,2007,2096,2159,2278,2511,2587,2697,2712,2923,3011,3011,3214,3214,3217};32.78018018018018;19.4;2025-04-12 15:04:11.338
61;293;tampere;Finland;2025-03-01 00:00:00.000;{1095,1124,1229,1306,1309,1309,1331,1333,1341,1354,1386,1406,1415,1421,1434,1435,1477,1497,1523,1554,1556,1566,1716,1729,1749,1785,1801,1833,1951,2121,2145,2146,2160,2161,2358,2378,2695,2709,2826,2848,3082,3084,3229,3230,3235,3237,3238};32.56985815602837;18.25;2025-04-12 15:04:11.433
62;292;tampere;Finland;2025-02-22 00:00:00.000;{1230,1255,1348,1349,1352,1433,1546,1564,1576,1583,1639,1639,1745,1745,1816,1817,2093,2122,2236,2288,2391,2406,2561,2867,3217,3272,3277,3278,3513,3514};35.37333333333333;20.5;2025-04-12 15:04:11.522
63;291;tampere;Finland;2025-02-15 00:00:00.000;{1092,1219,1259,1282,1306,1369,1374,1468,1482,1544,1603,1604,1645,1682,1791,1965,1969,1974,2260,2389,2452,2528,2847,2887,2888,2985,3165,3166,3187,3287,3288,3290,3334,3335};36.72352941176471;18.2;2025-04-12 15:04:11.664
64;290;tampere;Finland;2025-02-08 00:00:00.000;{1196,1256,1362,1376,1405,1416,1430,1432,1459,1466,1544,1558,1597,1619,1727,1786,1795,1798,1830,1871,1874,1998,2022,2051,2073,2197,2927,3212,3237,3238};30.97333333333334;19.93333333333333;2025-04-12 15:04:11.769
65;289;tampere;Finland;2025-02-01 00:00:00.000;{1135,1139,1187,1232,1245,1389,1404,1407,1417,1606,1617,1625,1628,1719,1757,1789,1830,1835,1852,1958,2250,2251,2331,2589,2837,2840,3220,3221,3374,3393,3403,3405,3407};34.9959595959596;18.91666666666667;2025-04-12 15:04:11.860
66;288;tampere;Finland;2025-01-18 00:00:00.000;{1189,1238,1362,1403,1409,1464,1466,1584,1593,1679,1712,1813,1816,1889,1898,1947,1948,1948,1955,1979,2117,2142,2168,2560,2560,2582,2593,2600,2697,2828,2831,2851,2855,3325,3327,3343,3345,3348};36.56315789473684;19.81666666666667;2025-04-12 15:04:11.965
67;287;tampere;Finland;2025-01-11 00:00:00.000;{1203,1241,1389,1393,1412,1466,1487,1746,1770,1775,1775,1822,1830,1852,1859,1860,1916,1953,1967,1977,1995,1996,2034,2037,2037,2073,2180,2208,2224,2283,2293,2515,2562,2607,2732,2761,2955,3642,3652,3683,3685,3692};36.325;20.05;2025-04-12 15:04:12.053
68;286;tampere;Finland;2025-01-04 00:00:00.000;{1262,1372,1454,1527,1535,1568,1606,1692,1750,1777,1793,1832,1833,1845,1846,1951,1953,1969,1980,2023,2036,2098,2144,2144,2390,2396,2756,2946,3042,3265,3333,3345,3535,3547,3581,3587,3588,3664,3665,3678,3747,3763,3768};41.31240310077519;21.03333333333333;2025-04-12 15:04:12.147
69;285;tampere;Finland;2025-01-01 00:00:00.000;{1396,1426,1439,1577,1656,1742,1743,1787,2003,2242,2293,2402,2739,3023,3024,3026,3517,3521,3629,3648};39.86083333333333;23.26666666666667;2025-04-12 15:04:12.234
70;90;mattilanniemi;Finland;2025-04-12 00:00:00.000;{1277,1278,1287,1349,1362,1399,1407,1492,1560,2078,2677,2678,2731};28.94230769230769;21.28333333333333;2025-04-12 15:04:46.296
71;89;mattilanniemi;Finland;2025-04-05 00:00:00.000;{1117,1157,1174,1176,1238,1266,1272,1301,1309,1310,1345,1394,1411,1470,1491,1572,1575,1617,1637,1652,1703,1714,1763,1849,1881,2048,2083,2083,2094};25.69080459770115;18.61666666666667;2025-04-12 15:04:46.442
72;88;mattilanniemi;Finland;2025-03-29 00:00:00.000;{1041,1069,1100,1133,1133,1140,1241,1269,1305,1307,1319,1325,1346,1395,1415,1450,1480,1519,1580,1768,2014,2016};23.00378787878788;17.35;2025-04-12 15:04:46.531
73;87;mattilanniemi;Finland;2025-03-22 00:00:00.000;{1268,1273,1274,1306,1308,1350,1502,1586,1600,2081,2085};25.20151515151515;21.13333333333333;2025-04-12 15:04:46.625
74;86;mattilanniemi;Finland;2025-03-15 00:00:00.000;{1258,1328,1595,1628,1884,2034,2035};28.0047619047619;20.96666666666667;2025-04-12 15:04:46.730
75;85;mattilanniemi;Finland;2025-03-08 00:00:00.000;{1137,1206,1338,1412,1462,1559,1625,1637,1801,1819,1843,1864,2006,2007};27.04285714285714;18.95;2025-04-12 15:04:46.824
76;84;mattilanniemi;Finland;2025-03-01 00:00:00.000;{1211,1246,1323,1350,1403,1480,1512,1758,2003,2007,2009};26.21515151515151;20.18333333333333;2025-04-12 15:04:46.915
77;83;mattilanniemi;Finland;2025-02-22 00:00:00.000;{1344,1519,1590,1591,1683,1889,1952,1953,1954};28.6574074074074;22.4;2025-04-12 15:04:47.010
78;82;mattilanniemi;Finland;2025-02-15 00:00:00.000;{1235,1236,1406,1429,1468,1495,1507,1644,1711,1879,1894,2045,2230};27.1525641025641;20.58333333333333;2025-04-12 15:04:47.102
79;81;mattilanniemi;Finland;2025-02-08 00:00:00.000;{1308,1360,1363,1403,1552,1601,1604,1761,1771,1776,2006,2193,2246,2463,2518,2994,3464,3465};34.11851851851852;21.8;2025-04-12 15:04:47.206
80;80;mattilanniemi;Finland;2025-02-01 00:00:00.000;{1235,1248,1286,1353,1369,1451,1467,1486,1619,1640,1666,1685,1705,1807,1895,2226,2289,2290};27.51574074074074;20.58333333333333;2025-04-12 15:04:47.309
81;79;mattilanniemi;Finland;2025-01-25 00:00:00.000;{1287,1465,1647,1811,1957,1958,1959,2070,2325,2328};31.345;21.45;2025-04-12 15:04:47.403
82;78;mattilanniemi;Finland;2025-01-18 00:00:00.000;{1201,1274,1372,1433,1445,1594,1713,1714,1715,1753,1882,1927,1937,1974,1975};27.67666666666667;20.01666666666667;2025-04-12 15:04:47.495
83;77;mattilanniemi;Finland;2025-01-11 00:00:00.000;{1401,1427,1645,1728,1768,1790,1791,1809,1810,1922,2145,2481,2481,2484};31.76428571428572;23.35;2025-04-12 15:04:47.587
84;76;mattilanniemi;Finland;2025-01-04 00:00:00.000;{1339,1560,1603,1607,1779,1859,2059,2449};29.69791666666667;22.31666666666667;2025-04-12 15:04:47.677
171;286;malmoribersborg;Sweden;2025-04-12 00:00:00.000;{1123,1153,1161,1170,1206,1208,1209,1218,1223,1243,1249,1282,1291,1294,1301,1307,1309,1329,1333,1343,1346,1353,1364,1366,1396,1411,1416,1423,1426,1432,1440,1442,1447,1448,1448,1458,1475,1490,1494,1504,1514,1529,1535,1537,1540,1553,1559,1563,1575,1582,1584,1589,1604,1607,1610,1634,1635,1640,1655,1667,1687,1695,1708,1719,1729,1739,1739,1751,1763,1777,1785,1797,1800,1823,1841,1851,1881,1884,1885,1886,1900,1902,1904,1917,1935,1941,1970,1972,1972,2000,2082,2129,2130,2278,2333,2333,2372,2373,2552,2676,2701,3190,3190};27.95064724919094;18.71666666666667;2025-04-12 15:09:18.750
172;285;malmoribersborg;Sweden;2025-04-05 00:00:00.000;{1104,1121,1184,1197,1202,1252,1257,1268,1312,1333,1334,1367,1368,1375,1383,1387,1389,1391,1408,1416,1431,1434,1446,1447,1451,1453,1457,1480,1501,1511,1511,1514,1514,1534,1544,1555,1556,1571,1581,1591,1597,1672,1673,1673,1698,1700,1709,1714,1719,1725,1727,1737,1755,1757,1770,1772,1775,1781,1784,1786,1788,1792,1820,1826,1826,1831,1866,1896,1971,1999,2002,2035,2043,2043,2044,2102,2144,2163,2175,2197,2198,2320,2331,2550,2592,2592,2669,2731,2732,3324,3344};29.23076923076923;18.4;2025-04-12 15:09:21.925
173;284;malmoribersborg;Sweden;2025-03-29 00:00:00.000;{1097,1104,1137,1180,1186,1198,1211,1214,1264,1269,1293,1304,1311,1318,1325,1332,1339,1341,1343,1357,1365,1366,1372,1379,1383,1385,1391,1391,1392,1401,1414,1423,1437,1442,1447,1447,1449,1454,1457,1466,1472,1483,1508,1517,1517,1533,1535,1536,1550,1552,1582,1595,1602,1605,1611,1616,1628,1649,1665,1667,1670,1671,1673,1673,1674,1676,1695,1696,1701,1751,1753,1756,1757,1758,1763,1786,1798,1799,1820,1833,1852,1853,1873,1899,1907,1911,1924,1927,2000,2001,2002,2019,2095,2098,2183,2183,2254,2254,2388,2435,2444,2489,2690,2696,2925,3126};27.82044025157233;18.28333333333333;2025-04-12 15:09:24.778
174;283;malmoribersborg;Sweden;2025-03-22 00:00:00.000;{1033,1107,1172,1176,1252,1253,1272,1274,1280,1305,1310,1350,1364,1370,1392,1395,1429,1432,1449,1456,1457,1468,1470,1476,1478,1490,1492,1533,1538,1539,1550,1551,1553,1570,1575,1589,1612,1614,1614,1618,1623,1625,1643,1649,1649,1653,1654,1655,1691,1697,1702,1711,1728,1740,1746,1753,1772,1774,1784,1794,1801,1805,1816,1819,1820,1846,1849,1853,1869,1870,1880,1904,1914,1916,1926,1956,1970,1985,1986,2007,2042,2118,2165,2186,2254,2321,2379,2379,2380,2390,2397,2501,2546,2563,2588,3001,3030};29.19810996563574;17.21666666666667;2025-04-12 15:09:26.828
175;282;malmoribersborg;Sweden;2025-03-15 00:00:00.000;{1161,1171,1191,1201,1229,1232,1233,1281,1305,1311,1319,1355,1361,1369,1385,1402,1408,1419,1434,1442,1459,1466,1473,1499,1504,1523,1534,1535,1541,1543,1549,1573,1582,1586,1589,1595,1599,1600,1602,1615,1624,1627,1645,1646,1647,1649,1674,1675,1676,1684,1701,1707,1708,1713,1725,1727,1731,1735,1738,1770,1777,1781,1785,1801,1844,1869,1880,1938,1986,2019,2027,2039,2048,2048,2050,2133,2211,2329,2369,2458,2890,2890};27.8760162601626;19.35;2025-04-12 15:09:29.337
176;281;malmoribersborg;Sweden;2025-03-08 00:00:00.000;{1107,1115,1133,1133,1168,1204,1216,1222,1233,1236,1246,1257,1259,1260,1278,1281,1289,1295,1297,1302,1306,1331,1348,1351,1382,1383,1386,1390,1391,1391,1393,1393,1406,1420,1425,1426,1428,1436,1437,1457,1461,1463,1464,1469,1484,1488,1495,1496,1500,1504,1522,1524,1528,1550,1555,1567,1568,1586,1588,1593,1603,1604,1614,1674,1676,1688,1700,1709,1719,1724,1727,1737,1738,1749,1754,1755,1762,1764,1770,1777,1787,1791,1794,1794,1808,1821,1838,1841,1853,1870,1892,1897,1898,1909,1918,1920,1929,1959,1967,1968,1971,1972,1994,1994,1997,2019,2052,2069,2086,2090,2156,2158,2159,2160,2228,2293,2313,2334,2396,2536,2562,2877,3921,3923};28.32983870967742;18.45;2025-04-12 15:09:32.010
177;280;malmoribersborg;Sweden;2025-03-01 00:00:00.000;{1068,1131,1173,1180,1189,1197,1203,1236,1253,1254,1273,1275,1349,1357,1370,1395,1396,1397,1398,1399,1402,1411,1422,1429,1435,1440,1459,1463,1471,1478,1487,1496,1514,1517,1522,1529,1532,1532,1575,1585,1603,1615,1622,1657,1681,1690,1691,1701,1702,1706,1729,1737,1738,1740,1741,1745,1795,1815,1818,1819,1833,1837,1852,1863,1905,1915,1922,1951,1994,2050,2316,2327,2554,2707,2708,3015};27.25570175438596;17.8;2025-04-12 15:09:34.892
178;279;malmoribersborg;Sweden;2025-02-22 00:00:00.000;{1039,1041,1073,1110,1131,1166,1213,1222,1227,1251,1273,1283,1290,1293,1298,1313,1341,1368,1377,1385,1393,1404,1405,1407,1409,1411,1418,1426,1430,1443,1450,1459,1460,1461,1471,1476,1491,1498,1501,1533,1547,1550,1552,1566,1582,1600,1613,1619,1642,1652,1657,1756,1762,1764,1769,1770,1781,1894,1899,1907,1912,1940,1941,1979,1994,2009,2010,2012,2084,2139,2202,2265,2290,2293,2294,2369,2416,2417,2478,2479,2495,2591,2649,2892,2951,2972,3025,3047};29.10359848484848;17.31666666666667;2025-04-12 15:09:37.931
179;278;malmoribersborg;Sweden;2025-02-15 00:00:00.000;{1097,1122,1141,1141,1216,1221,1235,1238,1257,1263,1276,1280,1338,1371,1386,1403,1413,1431,1434,1436,1441,1444,1475,1479,1480,1536,1547,1549,1555,1570,1576,1579,1587,1593,1600,1604,1612,1621,1639,1640,1657,1670,1695,1701,1705,1708,1733,1744,1893,1896,1903,1954,1971,1971,1973,2027,2174,2294,2311,2312,2337,2349,2357,2556,2838,2937,2937};28.21616915422885;18.28333333333333;2025-04-12 15:09:39.940
180;277;malmoribersborg;Sweden;2025-02-08 00:00:00.000;{1059,1064,1077,1113,1123,1157,1159,1163,1185,1226,1276,1312,1320,1350,1359,1359,1366,1370,1375,1382,1406,1432,1434,1438,1444,1451,1457,1461,1464,1478,1486,1487,1489,1492,1496,1514,1534,1548,1560,1571,1576,1576,1577,1579,1583,1586,1588,1594,1595,1599,1609,1623,1628,1646,1657,1660,1671,1672,1676,1677,1691,1695,1695,1698,1746,1749,1760,1782,1787,1790,1791,1791,1809,1810,1820,1878,1887,1890,1891,1893,1897,1905,1927,1948,1974,1979,1997,2021,2022,2030,2058,2059,2065,2089,2094,2095,2212,2431,2560,2571,2681,3172,3355,3359};28.39150641025641;17.65;2025-04-12 15:09:43.117
181;276;malmoribersborg;Sweden;2025-02-01 00:00:00.000;{1056,1084,1172,1178,1211,1219,1269,1275,1283,1324,1385,1387,1399,1407,1422,1436,1437,1457,1466,1481,1486,1489,1495,1495,1512,1517,1532,1534,1553,1558,1575,1585,1641,1656,1662,1672,1673,1674,1677,1681,1682,1683,1694,1704,1706,1715,1728,1732,1732,1741,1775,1778,1793,1794,1832,1878,1879,1922,1926,1928,1945,1949,2040,2139,2168,2267,2278,2279,2478,2665,2983,2992};28.19907407407407;17.6;2025-04-12 15:09:45.954
182;275;malmoribersborg;Sweden;2025-01-25 00:00:00.000;{1012,1058,1129,1143,1179,1202,1238,1291,1298,1308,1319,1337,1350,1353,1354,1357,1360,1363,1364,1365,1386,1387,1398,1416,1422,1425,1439,1440,1462,1472,1473,1484,1494,1496,1501,1503,1507,1508,1512,1521,1536,1539,1548,1556,1563,1573,1580,1618,1620,1635,1681,1685,1696,1701,1709,1735,1766,1775,1775,1779,1780,1789,1808,1820,1857,1861,1871,1964,1974,1977,2019,2063,2070,2084,2248,2427,2481,2481,2524,2590,3149,3160,3162,3163};28.1781746031746;16.86666666666667;2025-04-12 15:09:48.660
183;274;malmoribersborg;Sweden;2025-01-18 00:00:00.000;{1097,1116,1127,1143,1148,1172,1246,1252,1269,1270,1272,1278,1298,1304,1312,1351,1359,1374,1377,1411,1414,1445,1456,1467,1473,1491,1501,1520,1534,1535,1535,1561,1562,1574,1591,1598,1612,1634,1644,1647,1648,1654,1655,1665,1668,1681,1683,1687,1691,1693,1697,1698,1716,1717,1742,1747,1748,1749,1749,1767,1768,1779,1852,1855,1869,1896,1908,1914,1937,1943,1946,1990,2009,2010,2042,2047,2061,2107,2110,2118,2119,2384,2385,2386,2498,2569,2928,2958,2994};28.54063670411985;18.28333333333333;2025-04-12 15:09:51.495
184;273;malmoribersborg;Sweden;2025-01-11 00:00:00.000;{1085,1089,1150,1154,1227,1230,1240,1254,1274,1327,1332,1342,1353,1406,1435,1463,1472,1483,1491,1494,1500,1520,1568,1568,1574,1595,1600,1619,1621,1650,1709,1710,1743,1756,1761,1762,1767,1798,1809,1811,1824,1861,1875,1885,1908,1915,1930,1934,1935,1947,2012,2071,2074,2075,2097,2103,2213,2214,2954,2955,2956,2964};28.88279569892473;18.08333333333333;2025-04-12 15:09:54.792
185;272;malmoribersborg;Sweden;2025-01-01 00:00:00.000;{1214,1351,1407,1408,1442,1462,1468,1495,1510,1529,1544,1597,1599,1624,1638,1641,1649,1665,1847,2000,2096,2295,2378};27.43405797101449;20.23333333333333;2025-04-12 15:09:58.163
186;220;vaxjosjon;Sweden;2025-04-12 00:00:00.000;{1139,1197,1240,1279,1311,1318,1336,1336,1375,1381,1383,1426,1457,1467,1476,1485,1504,1528,1617,1619,1621,1713,1728,1729,1771,1772,1889,1890,1961,1962,2117,2118,2487,2512,2513,2784,2796,2799,2881};29.4517094017094;18.98333333333333;2025-04-12 15:09:58.355
187;219;vaxjosjon;Sweden;2025-04-05 00:00:00.000;{1195,1278,1283,1292,1314,1387,1413,1427,1464,1466,1522,1525,1567,1582,1590,1660,1670,1670,1690,1731,1785,1788,1858,1862,2044,2268,2626,2877,3241};28.77873563218391;19.91666666666667;2025-04-12 15:09:58.441
188;218;vaxjosjon;Sweden;2025-03-29 00:00:00.000;{1064,1065,1259,1270,1273,1310,1313,1323,1343,1347,1428,1434,1479,1489,1570,1587,1613,1614,1704,1790,1901,1917,1918,2138,2246,2248,2343,2343,2618,2750,2793,2838,2868,2913,2916,3309};31.63611111111111;17.73333333333333;2025-04-12 15:10:01.103
189;217;vaxjosjon;Sweden;2025-03-22 00:00:00.000;{1250,1273,1351,1354,1380,1400,1407,1429,1444,1479,1535,1535,1544,1552,1552,1562,1607,1647,1650,1650,1738,2313,2461,2762,2776};27.76733333333333;20.83333333333333;2025-04-12 15:10:03.342
190;216;vaxjosjon;Sweden;2025-03-15 00:00:00.000;{1255,1287,1298,1346,1347,1416,1419,1470,1481,1499,1513,1544,1548,1584,1606,1608,1683,1745,1752,1860,1887,1888,1907,1921,2301,2344,2814,2886,2939,3047};30.10833333333333;20.91666666666667;2025-04-12 15:10:05.550
191;215;vaxjosjon;Sweden;2025-03-08 00:00:00.000;{1060,1315,1360,1402,1423,1429,1474,1496,1514,1514,1516,1521,1580,1580,1581,1590,1610,1660,1802,1953,2163,2266,2386,2505,2511,2512,2657,2951,2963,3254,3259};32.15430107526882;17.66666666666667;2025-04-12 15:10:07.398
192;214;vaxjosjon;Sweden;2025-03-01 00:00:00.000;{1242,1266,1295,1369,1395,1434,1482,1491,1492,1493,1495,1496,1498,1504,1537,1549,1551,1614,1766,1823,1965,1971,2053,2062,2586,2608,2619,2956,2959,3327,3356};31.31935483870968;20.7;2025-04-12 15:10:09.477
193;213;vaxjosjon;Sweden;2025-02-22 00:00:00.000;{1244,1266,1298,1348,1367,1376,1401,1403,1416,1438,1452,1499,1536,1547,1548,1593,1602,1616,1624,1633,1634,1641,1752,1806,1825,1828,1933,1964,2010,2229,2240,2692,2918};28.12070707070707;20.73333333333333;2025-04-12 15:10:11.695
194;212;vaxjosjon;Sweden;2025-02-15 00:00:00.000;{1187,1292,1317,1325,1368,1370,1441,1450,1521,1581,1619,1620,1658,1661,1666,1697,1788,1894,2222,2712};26.99083333333333;19.78333333333333;2025-04-12 15:10:14.674
195;211;vaxjosjon;Sweden;2025-02-08 00:00:00.000;{1242,1314,1346,1351,1387,1393,1399,1422,1456,1499,1500,1506,1521,1586,1606,1607,1618,1694,1695,1839,2236,2943,2943,3518,3519};30.09333333333333;20.7;2025-04-12 15:10:16.855
196;210;vaxjosjon;Sweden;2025-02-01 00:00:00.000;{1228,1231,1245,1266,1266,1360,1376,1403,1404,1424,1427,1443,1473,1477,1487,1490,1495,1518,1519,1520,1543,1567,1601,1649,1718,1783,1795,1799,1805,1820,1836,1838,1896,1994,2063,2179,2230,2664,2857,2957,2958,3143,3397,3398};30.50833333333333;20.46666666666667;2025-04-12 15:10:19.540
197;209;vaxjosjon;Sweden;2025-01-25 00:00:00.000;{1219,1250,1262,1300,1314,1368,1369,1414,1436,1478,1597,1606,1610,1612,1629,1684,1688,1701,1714,1738,1760,1774,1777,1825,1846,1987,2003,2243,2243,2548,2689,2877,3180,3181};30.35392156862745;20.31666666666667;2025-04-12 15:10:21.963
198;208;vaxjosjon;Sweden;2025-01-18 00:00:00.000;{1237,1372,1373,1425,1443,1457,1582,1613,1614,1638,1639,1704,1706,1707,1722,1781,1900,2072,2078,2765,3186,3199};30.46439393939394;20.61666666666667;2025-04-12 15:10:24.286
199;207;vaxjosjon;Sweden;2025-01-11 00:00:00.000;{1334,1377,1395,1405,1500,1501,1550,1581,1703,1978,2008,2035,2042,2128,2265,2310,2601,3143,3145};32.45701754385965;22.23333333333333;2025-04-12 15:10:26.552
200;206;vaxjosjon;Sweden;2025-01-04 00:00:00.000;{1249,1317,1350,1404,1417,1520,1568,1571,1712,1740,1925,1925,2974,2977};29.34404761904762;20.81666666666667;2025-04-12 15:10:28.345
201;205;vaxjosjon;Sweden;2025-01-01 00:00:00.000;{1173,1281,1409,1419,1470,1622,1741,1742,1742,2860,2861};29.27272727272727;19.55;2025-04-12 15:10:30.242
202;184;billdalsparken;Sweden;2025-04-12 00:00:00.000;{1326,1394,1447,1460,1673,1692,1808,1858,1859,1907,1909,1926,1942,1956,2165,2166,2182,2183,2362};30.89035087719298;22.1;2025-04-12 15:10:30.433
203;183;billdalsparken;Sweden;2025-04-05 00:00:00.000;{1249,1257,1281,1390,1393,1424,1469,1480,1515,1527,1530,1543,1554,1582,1604,1605,1623,1634,1659,1660,1680,1705,1705,1707,1729,1732,1735,1752,1765,1791,1849,1849,1909,1933,1968,1968,2090,2371,2499,2934,2996,3094,3437,3438};30.91477272727273;20.81666666666667;2025-04-12 15:10:32.717
204;182;billdalsparken;Sweden;2025-03-29 00:00:00.000;{1314,1389,1400,1409,1445,1464,1471,1480,1552,1592,1619,1631,1632,1632,1639,1678,1679,1691,1707,1738,1754,1763,1767,1933,2045,2045,2045,2590,2856,2859};29.34388888888889;21.9;2025-04-12 15:10:34.391
205;181;billdalsparken;Sweden;2025-03-22 00:00:00.000;{1256,1395,1408,1499,1635,1662,1668,1668,1680,1758,1786,1865,1866,1931,2062,2174,3175,3177,3178};32.31842105263158;20.93333333333333;2025-04-12 15:10:36.285
206;180;billdalsparken;Sweden;2025-03-15 00:00:00.000;{1226,1298,1381,1388,1462,1487,1490,1523,1539,1557,1609,1621,1633,1662,1663,1697,1713,1718,1800,1857,1936,1941,2253,2254,2428};28.09066666666667;20.43333333333333;2025-04-12 15:10:38.299
207;179;billdalsparken;Sweden;2025-03-08 00:00:00.000;{1238,1242,1257,1322,1326,1384,1417,1423,1498,1519,1544,1545,1551,1567,1644,1680,1713,1716,1723,1736,1760,1769,1785,1805,1807,1853,1856,1857,1875,1877,1921,1922,1984,1985,2021,2022,2023,2024,2025,2735};28.72958333333333;20.63333333333333;2025-04-12 15:10:40.728
208;178;billdalsparken;Sweden;2025-03-01 00:00:00.000;{1257,1324,1356,1434,1435,1440,1458,1467,1516,1535,1536,1538,1540,1681,1689,1693,1706,1724,1755,1778,1811,1909,1999,2000,2067,2067,2273,2608,2973};29.06264367816092;20.95;2025-04-12 15:10:43.293
209;177;billdalsparken;Sweden;2025-02-22 00:00:00.000;{1292,1345,1400,1443,1485,1532,1568,1595,1598,1663,1729,1764,1800,1804,1842,1916,1991,1999,2223,2236,2597};29.22380952380952;21.53333333333333;2025-04-12 15:10:45.125
218;176;billdalsparken;Sweden;2025-02-15 00:00:00.000;{951,1136,1144,1158,1167,1315,1360,1371,1532,1647,1768,1812,1816,1821,2088,2136,2143};25.84803921568628;15.85;2025-04-12 15:11:17.622
219;175;billdalsparken;Sweden;2025-02-08 00:00:00.000;{1243,1389,1551,1570,1606,1699,1762,1773,1875,1942,2217,2217,2497};29.92435897435898;20.71666666666667;2025-04-12 15:11:19.952
220;174;billdalsparken;Sweden;2025-02-01 00:00:00.000;{1104,1288,1341,1361,1415,1461,1470,1555,1564,1595,1626,1630,1775,1780,1789,1825,1839,1858,1931,1934,2001,2146,2503,2675,2921};29.59133333333333;18.4;2025-04-12 15:11:22.010
221;173;billdalsparken;Sweden;2025-01-25 00:00:00.000;{1131,1141,1175,1322,1348,1361,1363,1393,1417,1506,1559,1562,1563,1577,1634,1721,1727,1809,1850,1854,1915,2120,2123,2123,2161,2163,2961,2980};28.90416666666667;18.85;2025-04-12 15:11:24.266
222;172;billdalsparken;Sweden;2025-01-18 00:00:00.000;{1242,1283,1329,1383,1384,1436,1461,1475,1499,1502,1548,1554,1555,1565,1593,1689,1693,1713,1881,1983,2146,2292,2381,3553};28.56944444444445;20.7;2025-04-12 15:11:26.366
223;171;billdalsparken;Sweden;2025-01-11 00:00:00.000;{1128,1174,1335,1355,1362,1481,1536,1541,1557,1579,1581,1622,1673,1674,1684,1750,1755,1848,1939,2010,2888,2889,3142};29.35;18.8;2025-04-12 15:11:29.018
224;170;billdalsparken;Sweden;2025-01-04 00:00:00.000;{1314,1367,1394,1631,1676,1905,1905,1917,1985,2031,2076,3402,3906};33.98589743589744;21.9;2025-04-12 15:11:31.607
225;169;billdalsparken;Sweden;2025-01-01 00:00:00.000;{1171,1294,1298,1360,1447,1491,1596,1631,1702,1755,1760,1766,1889,3155};27.75595238095238;19.51666666666667;2025-04-12 15:11:34.513
226;285;skatas;Sweden;2025-04-12 00:00:00.000;{1144,1276,1369,1405,1436,1448,1475,1487,1494,1537,1559,1596,1599,1642,1667,1698,1709,1748,1797,1832,1935,1943,1961,2332,2598,2793,2839,2841,2874};30.47931034482759;19.06666666666667;2025-04-12 15:11:39.218
227;284;skatas;Sweden;2025-03-29 00:00:00.000;{978,994,1133,1140,1153,1271,1312,1324,1329,1356,1369,1394,1408,1431,1443,1469,1471,1486,1494,1503,1505,1511,1512,1523,1566,1569,1573,1576,1604,1609,1626,1642,1644,1648,1654,1662,1666,1692,1718,1734,1809,1810,1825,1838,1866,1870,1873,1929,1940,1940,2003,2018,2063,2070,2108,2109,2160,2161,2255,2430,2607,2842,2960,3131,3132,3193,3195,3198,3283,3285};30.85595238095238;16.3;2025-04-12 15:11:42.053
228;283;skatas;Sweden;2025-03-22 00:00:00.000;{1002,1101,1123,1136,1139,1168,1211,1227,1289,1298,1335,1365,1388,1397,1398,1411,1414,1417,1424,1447,1450,1474,1476,1482,1484,1496,1543,1548,1563,1565,1566,1593,1598,1616,1636,1637,1651,1651,1677,1686,1693,1694,1751,1755,1756,1766,1791,1804,1804,1821,1825,1825,1827,1829,1843,1872,1882,1927,1962,1989,2058,2111,2210,2277,2340,2378,3157,3158};27.74191176470588;16.7;2025-04-12 15:11:45.204
229;282;skatas;Sweden;2025-03-15 00:00:00.000;{1071,1114,1198,1209,1299,1316,1335,1347,1412,1455,1476,1477,1488,1516,1525,1558,1561,1565,1567,1576,1588,1595,1618,1622,1629,1650,1678,1722,1730,1758,1765,1768,1775,1777,1778,1834,1883,2030,2031,2035,2066,2099,2125,2126,2226,2287,2305,2319,2954,2955,3226,3227,3276,3278};30.80246913580247;17.85;2025-04-12 15:11:47.523
230;281;skatas;Sweden;2025-03-01 00:00:00.000;{1185,1239,1279,1290,1332,1336,1353,1393,1401,1417,1436,1448,1466,1491,1535,1539,1551,1552,1564,1592,1593,1595,1600,1627,1659,1675,1716,1767,1804,1808,1865,1866,1868,1916,1929,1930,1957,2020,2139,2141,2176,2176,2185,2251,2358,2437,2438,3064,3065,3199};30.07433333333334;19.75;2025-04-12 15:11:49.842
231;280;skatas;Sweden;2025-02-22 00:00:00.000;{1148,1199,1231,1392,1400,1411,1416,1453,1472,1485,1519,1541,1544,1551,1556,1570,1571,1587,1593,1613,1626,1627,1637,1651,1665,1670,1678,1684,1685,1710,1719,1740,1741,1753,1760,1787,1790,1811,1847,1889,1903,1930,1958,1969,2044,2054,2091,2098,2116,2123,2235,2346,2353,2353,2385,2386,2430,2436};29.57816091954023;19.13333333333333;2025-04-12 15:11:51.824
232;279;skatas;Sweden;2025-02-15 00:00:00.000;{1135,1149,1271,1298,1299,1344,1348,1373,1416,1476,1490,1491,1500,1512,1512,1524,1568,1569,1600,1614,1620,1640,1640,1661,1668,1688,1754,1760,1764,1877,1920,1932,2014,2015,2329,2331,2697};27.38693693693694;18.91666666666667;2025-04-12 15:11:55.017
233;278;skatas;Sweden;2025-02-08 00:00:00.000;{1258,1296,1311,1315,1388,1410,1442,1518,1523,1524,1525,1530,1547,1586,1605,1643,1667,1668,1670,1671,1682,1710,1741,1755,1765,1773,1787,1830,1950,1953,1963,1998,2033,2055,2120,2120,2138,2211,2211,2357,2358,2410};29.3718253968254;20.96666666666667;2025-04-12 15:11:57.627
234;277;skatas;Sweden;2025-02-01 00:00:00.000;{1197,1201,1209,1213,1266,1270,1278,1282,1284,1287,1334,1336,1339,1427,1428,1431,1497,1501,1514,1537,1550,1555,1556,1564,1565,1571,1572,1592,1621,1644,1667,1678,1680,1711,1715,1726,1745,1748,1770,1803,1821,1822,1862,1902,2018,2019,2026,2044,2044,2100,2110,2180,2182,2188,2290,2291,2849};27.95672514619883;19.95;2025-04-12 15:11:59.734
235;276;skatas;Sweden;2025-01-25 00:00:00.000;{1198,1254,1319,1322,1341,1341,1350,1360,1392,1437,1452,1494,1554,1559,1569,1585,1591,1602,1606,1607,1642,1650,1667,1676,1682,1705,1721,1726,1728,1733,1737,1743,1748,1758,1764,1804,1816,1848,1888,1889,1944,1952,1953,1958,1976,2125,2127,2138,2139,2140,2141,2368,2380};28.67893081761006;19.96666666666667;2025-04-12 15:12:02.588
236;275;skatas;Sweden;2025-01-18 00:00:00.000;{1229,1241,1276,1302,1317,1318,1319,1330,1411,1437,1446,1447,1461,1472,1476,1481,1541,1570,1584,1590,1593,1599,1610,1627,1649,1678,1708,1710,1753,1753,1754,1769,1790,1794,1800,1823,1832,1856,1875,1881,1901,1925,1931,1951,1963,2064,2123,2143,2144,2198,2200,2218,2219,2230,2231,2282,2283,2289};29.13706896551724;20.48333333333333;2025-04-12 15:12:05.138
237;274;skatas;Sweden;2025-01-11 00:00:00.000;{1208,1272,1294,1314,1317,1340,1364,1380,1418,1432,1475,1508,1515,1526,1567,1571,1593,1613,1633,1642,1645,1682,1698,1728,1747,1767,1774,1781,1807,1844,1853,1871,1876,1932,1938,1976,1986,1989,1991,2015,2070,2282,2283,2340,2340,3362,3373};29.76312056737589;20.13333333333333;2025-04-12 15:12:07.733
238;273;skatas;Sweden;2025-01-04 00:00:00.000;{1344,1376,1413,1423,1440,1535,1541,1549,1553,1558,1562,1571,1623,1631,1636,1663,1709,1732,1739,1783,1788,1851,1892,1965,1966,1988,2007,2220,2220,3869,3873};30.65591397849462;22.4;2025-04-12 15:12:10.248
239;222;vallaskogen;Sweden;2025-04-12 00:00:00.000;{1288,1310,1346,1367,1387,1410,1436,1548,1553,1584,1589,1601,1650,1659,1719,1744,1774,1776,1776,1787,1822,1830,1836,1836,1836,1988,1989,2035,2297,2311,2656,2658};29.37395833333333;21.46666666666667;2025-04-12 15:12:16.081
240;221;vallaskogen;Sweden;2025-04-05 00:00:00.000;{1185,1196,1234,1257,1279,1301,1318,1324,1329,1333,1334,1351,1394,1406,1505,1538,1558,1604,1632,1635,1643,1691,1704,1728,1793,1794,1828,1835,1866,1876,1891,1923,1982,1982,2454,2631,3103,3104};28.30745614035088;19.75;2025-04-12 15:12:18.555
241;220;vallaskogen;Sweden;2025-03-29 00:00:00.000;{1122,1133,1143,1220,1222,1225,1249,1285,1335,1352,1365,1377,1412,1417,1427,1427,1431,1494,1533,1538,1597,1667,1668,1696,1722,1722,1763,1773,1779,1786,1886,1890,1907,1941,1964,2015,2444,3060,3060,3176,3315,3316,3792,3794};30.84848484848485;18.7;2025-04-12 15:12:20.668
242;219;vallaskogen;Sweden;2025-03-22 00:00:00.000;{1200,1207,1212,1219,1305,1308,1316,1347,1380,1489,1508,1528,1529,1581,1590,1654,1658,1738,1742,1743,1749,1783,1803,1827,1832,1834,1859,2084,2986,2986,3414,3607,3610,3623};31.49558823529412;20.0;2025-04-12 15:12:22.910
243;218;vallaskogen;Sweden;2025-03-15 00:00:00.000;{1239,1245,1257,1299,1373,1439,1484,1550,1632,1667,1725,1747,1748,1751,1781,1785,1786,1846,1847,1883,1884,1912,1990,2161,2174,2475,2494,3690,3696};31.35632183908046;20.65;2025-04-12 15:12:25.259
244;217;vallaskogen;Sweden;2025-03-08 00:00:00.000;{1148,1236,1246,1275,1302,1341,1382,1478,1483,1496,1532,1533,1548,1554,1567,1570,1572,1672,1750,1765,1772,1803,2074,2293,2439,2507,2578,2579,2702,3634,3866,3867};32.06458333333333;19.13333333333333;2025-04-12 15:12:28.718
245;216;vallaskogen;Sweden;2025-03-01 00:00:00.000;{1300,1325,1358,1549,1557,1587,1616,1630,1659,1692,1742,1794,1871,1943,1975,2067,4518,4521};33.05925925925926;21.66666666666667;2025-04-12 15:12:30.623
246;215;vallaskogen;Sweden;2025-02-15 00:00:00.000;{1148,1318,1369,1386,1404,1686,1709,1781,1799,1799,1799,1842,1882,1986,2014,2333,3037,3048,3055};31.92543859649123;19.13333333333333;2025-04-12 15:12:33.046
247;214;vallaskogen;Sweden;2025-02-08 00:00:00.000;{1300,1316,1366,1394,1442,1579,1581,1586,1607,1614,1615,1716,1720,1737,1842,1845,1914,1959,1968,1976,1983,2011,2063,2208,2209,2212};29.33525641025641;21.66666666666667;2025-04-12 15:12:34.819
257;213;vallaskogen;Sweden;2025-02-01 00:00:00.000;{1289,1328,1347,1381,1416,1466,1513,1599,1655,1671,1676,1724,1810,1815,1837,1851,1851,1936,2002,2009,2070,2235,2236,3948,5637,5642,5644};37.4;21.48333333333333;2025-04-12 15:13:12.560
258;212;vallaskogen;Sweden;2025-01-25 00:00:00.000;{1135,1368,1372,1382,1388,1684,1686,1688,1744,1752,1757,1759,1867,1937,2050,2675,3548,3620,3623};33.3640350877193;18.91666666666667;2025-04-12 15:13:16.506
259;211;vallaskogen;Sweden;2025-01-04 00:00:00.000;{1387,1455,1533,1534,1774,1776,1776,1889,3381,3491};33.32666666666667;23.11666666666667;2025-04-12 15:13:18.515
260;210;vallaskogen;Sweden;2025-01-01 00:00:00.000;{1359,1360,1651,1687,1688,1797,1803,1876,3033,3128};32.30333333333333;22.65;2025-04-12 15:13:20.177
261;320;orebro;Sweden;2025-04-12 00:00:00.000;{1097,1122,1156,1175,1179,1182,1196,1198,1214,1227,1232,1233,1239,1241,1242,1272,1290,1291,1308,1326,1354,1393,1401,1412,1417,1427,1448,1452,1455,1458,1469,1486,1495,1524,1525,1536,1536,1559,1567,1568,1569,1578,1583,1584,1650,1656,1657,1659,1674,1674,1675,1676,1677,1682,1699,1732,1762,1770,1776,1785,1787,1788,1791,1794,1804,1806,1811,1824,1831,1833,1840,1843,1849,1862,1864,1874,1898,1920,1921,1941,1973,1975,1995,2012,2024,2029,2034,2037,2066,2066,2162,2186,2239,2239,2265,2265,2268,2350,2444,2611,2644,2659,2660,2893,2894,2957,2990,2990,3097,3165,3165,3166,3169,3182,3215,3216,3239,3241,3399,3399,3430,3435,3796,3822,3823,3878,3881,3881};33.70143229166667;18.28333333333333;2025-04-12 15:13:24.160
262;319;orebro;Sweden;2025-04-05 00:00:00.000;{1209,1217,1225,1282,1351,1388,1410,1460,1471,1476,1517,1517,1567,1585,1589,1593,1597,1611,1628,1658,1669,1729,1734,1818,1853,1863,1864,1876,1890,1963,1997,1997,2008,2010,2036,2101,2221,2254,2255,2794,2883,2884,3136,3136,3137};31.28111111111111;20.15;2025-04-12 15:13:25.939
263;318;orebro;Sweden;2025-03-29 00:00:00.000;{1147,1167,1185,1189,1195,1233,1245,1254,1255,1276,1317,1352,1382,1384,1395,1435,1456,1461,1485,1487,1488,1497,1500,1503,1505,1533,1540,1543,1550,1563,1575,1595,1632,1684,1694,1711,1717,1733,1766,1772,1795,1809,1852,2007,2007,2008,2066,2173,2174,2233,2234,2235,2237,2301,2392,2421,2442,2756,2764,3330,3331,3357,3357,3443,3444,3445,3446,3525};32.10416666666666;19.11666666666667;2025-04-12 15:13:28.268
264;317;orebro;Sweden;2025-03-22 00:00:00.000;{1094,1095,1170,1182,1215,1224,1225,1240,1263,1275,1288,1364,1367,1403,1425,1426,1467,1477,1482,1483,1484,1486,1496,1514,1521,1542,1595,1598,1603,1608,1713,1717,1743,1751,1764,1768,1773,1819,1823,1826,1835,1881,1881,1901,1904,1914,1936,1962,1977,1978,2040,2043,2107,2182,2194,2273,2384,2398,2451,2511,2716,2784,2890,2966,2967,3274,3372,3373,3373};31.10531400966184;18.23333333333333;2025-04-12 15:13:30.859
265;316;orebro;Sweden;2025-03-15 00:00:00.000;{1035,1113,1120,1178,1210,1234,1235,1244,1248,1261,1267,1333,1349,1352,1374,1390,1397,1406,1416,1457,1466,1469,1491,1518,1554,1569,1585,1622,1654,1665,1670,1670,1671,1704,1704,1705,1711,1734,1735,1748,1828,1844,1927,1937,2153,2239,2303,2398,2467,2488,2887,2887,2905,3070,3072,3320,3360,3362};30.08936781609195;17.25;2025-04-12 15:13:32.775
266;315;orebro;Sweden;2025-03-08 00:00:00.000;{1116,1184,1231,1235,1254,1269,1269,1300,1330,1344,1344,1374,1400,1420,1431,1435,1436,1444,1455,1466,1524,1545,1553,1567,1572,1591,1605,1611,1611,1616,1629,1642,1650,1732,1734,1752,1773,1778,1807,1843,1870,1871,1874,1882,1882,1912,1931,1932,1936,1937,2059,2070,2169,2228,2247,2264,2375,2381,2383,2396,2515,2573,2790,2905,2961,3031,3032,3276,3277,3329,3361,3363,3452,3741,3747,3748};33.45877192982456;18.6;2025-04-12 15:13:35.389
267;314;orebro;Sweden;2025-03-01 00:00:00.000;{1159,1179,1189,1233,1244,1255,1257,1280,1287,1297,1447,1450,1499,1534,1536,1546,1566,1577,1596,1597,1605,1724,1790,1810,1824,1824,1847,1862,1862,1909,1928,2323,2586,3147,3149,3156,3156,3504,3505,3505};31.56;19.31666666666667;2025-04-12 15:13:37.991
268;313;orebro;Sweden;2025-02-15 00:00:00.000;{1273,1280,1291,1302,1310,1336,1435,1444,1592,1614,1632,1664,1722,1726,1741,1891,1940,1961,2045,2354,2404,2424,2456,2462,3578,3579,3580};32.73827160493827;21.21666666666667;2025-04-12 15:13:40.188
269;312;orebro;Sweden;2025-02-08 00:00:00.000;{1195,1262,1273,1312,1313,1343,1355,1358,1402,1415,1442,1504,1507,1513,1515,1520,1525,1546,1548,1558,1606,1620,1636,1677,1720,1720,1749,1750,1853,1857,1885,1889,2006,2073,2140,2324,2331,2437,3009,3650,3650,3651,3654};31.12131782945736;19.91666666666667;2025-04-12 15:13:42.267
270;311;orebro;Sweden;2025-02-01 00:00:00.000;{1114,1171,1179,1218,1231,1251,1270,1275,1285,1304,1318,1384,1385,1398,1423,1438,1444,1448,1457,1484,1529,1579,1607,1625,1626,1656,1678,1700,1715,1738,1757,1766,1827,1844,1868,1929,1945,1947,2064,2112,2323,2381,2834,4082,4108,4109};29.64710144927536;18.56666666666667;2025-04-12 15:13:44.623
271;310;orebro;Sweden;2025-01-25 00:00:00.000;{1183,1238,1264,1264,1283,1331,1332,1387,1429,1582,1587,1607,1607,1666,1674,1674,1721,1721,1757,1759,1835,1839,1851,1932,1970,1982,1985,2037,2084,2135,2150,2238,2599,2979,3294,3295,3505,3506,3507};32.81581196581197;19.71666666666667;2025-04-12 15:13:47.254
272;309;orebro;Sweden;2025-01-18 00:00:00.000;{1110,1113,1139,1230,1250,1251,1253,1265,1275,1277,1289,1295,1303,1310,1312,1329,1383,1421,1422,1432,1443,1573,1581,1582,1602,1619,1638,1638,1665,1691,1701,1780,1790,1795,1804,1820,1826,2019,2031,2090,2103,2173,2279,2371,2663,2664,3021,3022};28.00104166666667;18.5;2025-04-12 15:13:49.939
273;308;orebro;Sweden;2025-01-04 00:00:00.000;{1217,1292,1298,1308,1309,1344,1349,1351,1376,1384,1496,1520,1540,1573,1585,1614,1638,1646,1664,1705,1717,1717,1729,1735,1841,1867,1934,1936,1942,1995,2010,2104,2333,2345,3069,3069,3146,3393};30.3030701754386;20.28333333333333;2025-04-12 15:13:52.247
274;240;huddinge;Sweden;2025-04-12 00:00:00.000;{1183,1367,1373,1548,1648,1757,1775,1809,1822,1824,1892,2156,2262,2281,3284,3287,3297};33.88725490196079;19.71666666666667;2025-04-12 15:13:55.901
275;239;huddinge;Sweden;2025-04-05 00:00:00.000;{1209,1348,1389,1424,1432,1450,1512,1540,1634,1639,1669,1697,1737,1754,1883,1918,2042,2470,2471,2476,2542,2615,2959,3051,3052,3185,3215,3216,3290};35.52816091954023;20.15;2025-04-12 15:13:58.800
276;13;judarskogen;Sweden;2025-04-12 00:00:00.000;{1087,1116,1118,1122,1142,1176,1224,1230,1237,1248,1303,1364,1413,1415,1429,1481,1494,1513,1556,1587,1598,1598,1614,1650,1654,1708,1737,1778,1783,1869,1955,1960,1980,1981,2003,2044,2054,2108,2131,2168,2168,2183,2302,2395,2396,2528,2528,2933,3198};29.33979591836735;18.11666666666667;2025-04-12 15:13:59.006
277;12;judarskogen;Sweden;2025-04-05 00:00:00.000;{1042,1122,1139,1143,1147,1183,1265,1282,1288,1333,1335,1402,1406,1428,1429,1429,1440,1446,1458,1484,1485,1488,1492,1516,1526,1535,1546,1546,1558,1581,1602,1605,1615,1618,1625,1663,1680,1694,1699,1753,1760,1765,1815,1848,1855,1884,1889,1896,1962,1962,2024,2030,2063,2124,2133,2134,2238,2238,2439,2440,3372,4017};28.47204301075269;17.36666666666667;2025-04-12 15:14:01.320
278;348;haga;Sweden;2025-04-12 00:00:00.000;{972,1003,1115,1122,1124,1153,1155,1157,1168,1170,1173,1189,1192,1197,1203,1219,1223,1231,1241,1270,1295,1299,1301,1304,1327,1330,1334,1343,1345,1359,1372,1374,1388,1394,1397,1400,1416,1417,1425,1433,1434,1435,1440,1444,1450,1457,1458,1462,1475,1478,1483,1484,1486,1495,1503,1506,1515,1518,1523,1524,1525,1534,1537,1544,1549,1551,1570,1572,1573,1590,1616,1624,1628,1632,1633,1634,1639,1646,1649,1657,1657,1664,1668,1671,1675,1677,1681,1697,1699,1704,1713,1714,1732,1745,1750,1764,1767,1783,1788,1791,1810,1822,1828,1841,1842,1843,1868,1882,1892,1905,1909,1918,1919,1924,1956,1958,2011,2024,2041,2056,2078,2079,2080,2084,2119,2120,2124,2144,2187,2196,2196,2212,2320,2400,2400,2401,2520,2555,2604,2660,2796,2797,3016,3017,3144,3286,3287};28.50498866213152;16.2;2025-04-12 15:14:01.625
279;347;haga;Sweden;2025-04-05 00:00:00.000;{1028,1054,1079,1137,1150,1168,1179,1189,1190,1202,1203,1205,1211,1213,1215,1217,1219,1238,1250,1270,1279,1284,1286,1287,1306,1310,1316,1317,1330,1331,1334,1335,1335,1352,1355,1363,1441,1449,1450,1453,1458,1480,1483,1507,1507,1508,1509,1517,1529,1541,1544,1574,1586,1586,1591,1595,1596,1598,1603,1628,1634,1641,1647,1651,1655,1656,1661,1676,1677,1730,1734,1744,1745,1749,1755,1764,1768,1776,1785,1793,1794,1798,1810,1819,1854,1855,1891,1891,1912,1918,1924,1931,1933,1943,1958,1962,1962,1963,1963,1981,1994,1994,1995,1996,2006,2015,2024,2036,2062,2074,2107,2108,2124,2129,2130,2175,2177,2219,2256,2447,2462,2654,2727,3054,3267,3271};28.21111111111111;17.13333333333333;2025-04-12 15:14:04.954
280;346;haga;Sweden;2025-03-29 00:00:00.000;{1086,1155,1184,1195,1203,1221,1222,1225,1231,1249,1288,1293,1301,1326,1333,1338,1344,1353,1357,1364,1370,1380,1382,1397,1399,1408,1409,1414,1417,1427,1427,1433,1448,1448,1452,1456,1462,1465,1465,1476,1479,1484,1495,1504,1506,1515,1520,1526,1530,1531,1542,1556,1559,1569,1571,1572,1575,1577,1578,1601,1606,1609,1610,1625,1635,1639,1640,1641,1664,1668,1670,1671,1672,1677,1705,1711,1712,1713,1715,1716,1716,1717,1717,1718,1719,1735,1741,1741,1751,1756,1762,1807,1816,1856,1860,1864,1869,1900,1911,1933,1936,1975,2004,2006,2014,2020,2051,2061,2082,2086,2120,2123,2126,2127,2147,2151,2188,2188,2196,2197,2211,2232,2256,2257,2272,2286,2311,2315,2367,2426,2446,2564,2567,2584,2776,2897,2969,3223,3226,3226};29.40357142857143;18.1;2025-04-12 15:14:07.850
281;345;haga;Sweden;2025-03-22 00:00:00.000;{1024,1084,1117,1126,1134,1137,1139,1176,1179,1189,1209,1221,1229,1240,1249,1269,1276,1280,1284,1295,1300,1308,1309,1317,1319,1320,1322,1327,1336,1337,1341,1353,1365,1367,1370,1375,1381,1389,1400,1406,1432,1432,1435,1440,1447,1451,1453,1457,1459,1469,1477,1486,1487,1502,1506,1511,1512,1518,1520,1523,1526,1532,1537,1540,1560,1561,1566,1574,1577,1584,1602,1603,1605,1612,1612,1613,1613,1615,1631,1635,1641,1650,1653,1658,1662,1664,1667,1669,1670,1674,1677,1679,1712,1729,1741,1749,1750,1751,1759,1763,1770,1788,1792,1796,1797,1811,1816,1858,1862,1864,1865,1866,1914,1941,1941,1953,1982,1982,1983,1987,1999,2021,2023,2024,2064,2069,2077,2077,2081,2081,2092,2102,2108,2116,2119,2125,2127,2153,2154,2181,2181,2220,2234,2239,2248,2255,2300,2316,2317,2337,2343,2382,2386,2417,2467,2726,2974,3014,3055,3058,3059,3659,3672,3673,3674};29.54535353535353;17.06666666666667;2025-04-12 15:14:11.402
282;344;haga;Sweden;2025-03-15 00:00:00.000;{1120,1137,1137,1158,1173,1182,1185,1188,1199,1209,1211,1212,1217,1219,1240,1262,1265,1268,1269,1298,1315,1322,1322,1331,1338,1354,1355,1356,1359,1359,1361,1368,1381,1383,1384,1384,1390,1393,1407,1410,1411,1421,1425,1429,1430,1440,1441,1445,1448,1455,1469,1499,1506,1508,1522,1533,1538,1539,1548,1566,1581,1585,1588,1594,1599,1603,1603,1611,1613,1614,1616,1621,1624,1630,1637,1641,1641,1644,1647,1651,1653,1663,1673,1673,1674,1687,1701,1703,1715,1716,1718,1722,1734,1738,1740,1760,1761,1767,1769,1771,1782,1782,1790,1825,1838,1839,1848,1852,1855,1855,1856,1857,1857,1860,1868,1905,1905,1956,1964,1972,1982,1996,1996,1999,2016,2016,2024,2050,2054,2091,2103,2104,2122,2127,2141,2144,2144,2162,2165,2165,2166,2169,2177,2178,2249,2271,2289,2374,2450,2523,2524,2575,2577,2615,2864,2908,2909,3114,3160,3163};28.9371875;18.66666666666667;2025-04-12 15:14:15.898
292;343;haga;Sweden;2025-03-08 00:00:00.000;{1106,1109,1114,1117,1119,1134,1150,1179,1185,1186,1189,1201,1214,1230,1256,1258,1260,1274,1282,1288,1304,1308,1310,1314,1320,1327,1346,1371,1374,1384,1387,1389,1390,1401,1401,1406,1415,1417,1418,1437,1440,1443,1448,1452,1463,1465,1478,1480,1483,1483,1490,1499,1512,1515,1517,1523,1524,1525,1541,1542,1546,1555,1555,1559,1563,1568,1568,1570,1573,1575,1588,1588,1594,1608,1611,1611,1613,1620,1622,1623,1631,1633,1634,1640,1655,1663,1667,1672,1673,1675,1677,1685,1687,1690,1695,1696,1704,1706,1708,1719,1736,1738,1750,1761,1765,1771,1779,1780,1781,1796,1830,1833,1857,1862,1875,1875,1876,1884,1920,1937,1953,1958,1960,1984,2034,2049,2052,2108,2111,2118,2119,2130,2140,2140,2157,2207,2207,2238,2256,2274,2316,2316,2317,2317,2334,2335,2378,2381,2398,2408,2462,2496,2497,2528,2528,2574,2646,2661,2703,2724,2725,3043,3076,3092,3097,3097,3109,3483,3483};29.82623274161736;18.43333333333333;2025-04-12 15:14:48.653
293;342;haga;Sweden;2025-03-01 00:00:00.000;{1107,1126,1128,1141,1156,1163,1166,1170,1172,1188,1193,1252,1270,1272,1290,1292,1308,1313,1318,1336,1352,1356,1357,1358,1363,1368,1369,1380,1386,1386,1401,1409,1419,1427,1431,1435,1436,1438,1451,1455,1469,1476,1488,1497,1498,1510,1513,1543,1545,1549,1560,1593,1594,1595,1601,1639,1648,1651,1651,1652,1653,1657,1658,1659,1661,1661,1662,1665,1668,1668,1672,1686,1687,1705,1712,1715,1724,1736,1743,1744,1768,1769,1770,1772,1820,1830,1865,1901,2010,2021,2027,2107,2116,2173,2310,2311,2319,2461,2596,2629,2669,2869,2869,2995,2996};27.51095238095238;18.45;2025-04-12 15:14:51.152
294;341;haga;Sweden;2025-02-15 00:00:00.000;{1144,1192,1201,1208,1222,1240,1245,1265,1267,1282,1284,1302,1304,1306,1311,1335,1386,1396,1430,1436,1439,1444,1446,1451,1500,1503,1506,1516,1520,1527,1543,1546,1558,1567,1568,1578,1582,1592,1621,1625,1637,1658,1669,1692,1727,1745,1749,1788,1803,1838,1839,1867,1886,1891,1891,1892,1903,1913,1936,1955,1991,2016,2049,2075,2091,2107,2109,2139,2142,2214,2237,2238,2239,2240,2314,2320,2335,2356,2360,2606,2699,2760,2886,2887,3331,3436,3437};30.322030651341;19.06666666666667;2025-04-12 15:14:54.459
295;340;haga;Sweden;2025-02-08 00:00:00.000;{1119,1138,1172,1180,1185,1213,1251,1259,1261,1270,1271,1274,1283,1297,1303,1306,1308,1317,1335,1335,1340,1342,1346,1350,1352,1361,1373,1379,1386,1399,1400,1401,1403,1414,1420,1423,1446,1454,1464,1467,1471,1474,1476,1482,1494,1499,1501,1502,1516,1519,1548,1553,1555,1573,1580,1581,1582,1582,1598,1607,1617,1623,1626,1626,1633,1634,1643,1647,1649,1667,1696,1697,1703,1715,1720,1721,1723,1724,1727,1728,1729,1730,1767,1771,1779,1787,1788,1804,1833,1846,1901,1912,1913,1930,1931,1949,1968,2018,2024,2034,2045,2050,2054,2064,2078,2084,2094,2108,2109,2391,2406,2407,2475,2536,2536,2560,2614,3287,3288,3467,3469};28.47727272727273;18.65;2025-04-12 15:14:57.561
296;339;haga;Sweden;2025-02-01 00:00:00.000;{1089,1114,1119,1124,1132,1136,1155,1199,1207,1211,1214,1229,1269,1278,1281,1286,1315,1328,1332,1345,1352,1364,1364,1366,1372,1377,1380,1381,1397,1404,1406,1409,1442,1443,1446,1449,1451,1452,1475,1477,1483,1487,1508,1512,1516,1518,1521,1528,1534,1536,1546,1552,1554,1558,1562,1564,1567,1574,1587,1590,1593,1598,1600,1618,1627,1644,1647,1649,1659,1684,1708,1721,1721,1722,1724,1736,1747,1756,1757,1767,1783,1797,1800,1816,1819,1825,1911,1918,1921,1932,1933,1954,1955,1984,2017,2018,2020,2023,2024,2036,2081,2089,2094,2095,2122,2123,2132,2141,2152,2165,2183,2184,2207,2362,2370,2442,2583,2584,2637,2666,2788,2789,2791,2828,3069,3624,3625,3657,3658};29.68630490956072;18.15;2025-04-12 15:15:00.303
297;338;haga;Sweden;2025-01-25 00:00:00.000;{1127,1132,1163,1168,1171,1203,1204,1208,1209,1212,1225,1236,1240,1243,1250,1259,1268,1284,1288,1290,1293,1341,1344,1353,1359,1360,1371,1393,1397,1403,1418,1418,1420,1426,1438,1447,1449,1458,1471,1477,1478,1486,1498,1503,1505,1508,1515,1519,1523,1538,1556,1560,1573,1579,1588,1590,1595,1627,1632,1639,1649,1665,1666,1670,1672,1673,1677,1678,1685,1686,1701,1721,1731,1738,1745,1749,1768,1773,1781,1782,1785,1792,1793,1880,1886,1887,1888,1893,1895,1899,1900,1903,1912,1922,1928,1939,1951,1959,1971,1972,1973,1985,2045,2046,2050,2054,2060,2117,2132,2158,2165,2207,2273,2274,2290,2294,2419,2434,2476,2476,2490,2622,2732,2776,2861,3088,3088,3521,3548,3548};29.46089743589744;18.78333333333333;2025-04-12 15:15:03.445
298;337;haga;Sweden;2025-01-18 00:00:00.000;{1022,1130,1154,1156,1159,1180,1208,1221,1239,1244,1246,1247,1250,1304,1305,1322,1335,1336,1340,1348,1350,1353,1358,1368,1385,1393,1395,1418,1429,1432,1438,1443,1446,1449,1453,1476,1481,1485,1504,1516,1537,1547,1565,1576,1605,1616,1617,1622,1632,1636,1637,1637,1654,1654,1675,1688,1689,1701,1718,1724,1736,1753,1759,1762,1772,1778,1820,1837,1881,1890,1895,1917,1934,1985,1990,1998,2040,2072,2081,2113,2119,2150,2151,2154,2167,2226,2228,2263,2332,2432,2458,2612,2739,2841,2842,2865,3157,3161,3304,3673,3674,3821,3824,3825,3830,3831};31.24842767295598;17.03333333333333;2025-04-12 15:15:06.136
299;336;haga;Sweden;2025-01-04 00:00:00.000;{1152,1193,1202,1224,1238,1280,1310,1312,1313,1339,1345,1356,1361,1376,1396,1424,1432,1442,1445,1471,1499,1504,1536,1556,1565,1590,1591,1597,1613,1617,1648,1663,1668,1695,1740,1741,1742,1748,1749,1755,1758,1781,1820,1822,1839,1843,1901,1902,1956,1978,2037,2038,2124,2165,2180,2213,2346,2458,2459,2467,2502,2527,2642,2643,2648,3054,3078,3196,3243};30.4463768115942;19.2;2025-04-12 15:15:08.833
300;89;lillsjon;Sweden;2025-04-12 00:00:00.000;{1220,1266,1281,1284,1439,1468,1534,1559,1594,1668,1708,1728,2173,2176,3529};28.47444444444444;20.33333333333333;2025-04-12 15:15:09.038
301;88;lillsjon;Sweden;2025-04-05 00:00:00.000;{1239,1297,1312,1327,1382,1484,1489,1543,1580,1643,1787,1787,1836,1852,2061,2062,2241,2290,2679,2828,2870};30.62619047619048;20.65;2025-04-12 15:15:10.876
302;278;uppsala;Sweden;2025-04-12 00:00:00.000;{1061,1067,1128,1133,1147,1162,1193,1228,1239,1241,1243,1251,1274,1291,1291,1298,1301,1304,1310,1317,1318,1332,1340,1397,1421,1453,1455,1458,1459,1462,1469,1477,1517,1522,1542,1545,1565,1570,1572,1578,1579,1589,1589,1618,1629,1639,1649,1661,1681,1681,1689,1700,1700,1706,1714,1718,1719,1741,1742,1751,1764,1787,1788,1799,1828,1898,1900,1912,1919,1989,2118,2192,2217,2378,2565,2747,2791};26.62727272727273;17.68333333333333;2025-04-12 15:15:11.143
303;277;uppsala;Sweden;2025-04-05 00:00:00.000;{978,1116,1144,1164,1170,1179,1193,1220,1230,1266,1270,1286,1307,1326,1330,1334,1339,1340,1343,1349,1356,1357,1363,1377,1385,1387,1396,1413,1419,1426,1436,1438,1438,1440,1442,1468,1500,1503,1505,1511,1550,1560,1560,1569,1574,1574,1648,1648,1661,1696,1697,1707,1712,1729,1799,1846,1854,1900,1914,1930,1949,1965,2083,2095,2287,2595,3106,3108};26.16666666666667;16.3;2025-04-12 15:15:13.229
304;276;uppsala;Sweden;2025-03-29 00:00:00.000;{971,1078,1089,1122,1147,1179,1182,1189,1242,1245,1246,1294,1300,1306,1320,1325,1328,1331,1336,1343,1349,1384,1401,1403,1405,1416,1421,1435,1439,1457,1459,1460,1462,1474,1521,1529,1533,1535,1541,1544,1547,1554,1559,1559,1569,1571,1582,1595,1598,1603,1664,1686,1709,1746,1749,1772,1785,1791,1809,1809,1904,1926,1927,1936,1969,2099,2106,2207,2228,2232};25.60285714285714;16.18333333333333;2025-04-12 15:15:15.598
305;275;uppsala;Sweden;2025-03-22 00:00:00.000;{1005,1076,1101,1118,1121,1136,1143,1150,1154,1206,1208,1214,1236,1238,1281,1284,1286,1287,1295,1299,1328,1333,1351,1371,1374,1379,1383,1395,1398,1402,1407,1413,1458,1475,1493,1495,1505,1518,1542,1544,1546,1548,1549,1550,1563,1569,1574,1574,1580,1585,1594,1595,1596,1607,1641,1657,1662,1673,1702,1722,1760,1761,1777,1792,1819,1850,1896,1898,1927,1939,1956,2002,2086,2172,2254,2254,3271,3272,3294};26.47025316455696;16.75;2025-04-12 15:15:18.733
306;274;uppsala;Sweden;2025-03-15 00:00:00.000;{1067,1080,1102,1111,1125,1135,1159,1162,1166,1206,1225,1235,1236,1268,1270,1291,1322,1326,1327,1330,1354,1373,1378,1385,1394,1398,1408,1423,1450,1453,1454,1470,1472,1488,1532,1541,1553,1580,1584,1596,1596,1599,1642,1644,1645,1668,1674,1692,1732,1737,1741,1743,1794,1820,1901,1976,2170,2193,2209,2256};24.96138888888889;17.78333333333333;2025-04-12 15:15:21.367
307;273;uppsala;Sweden;2025-03-08 00:00:00.000;{1008,1056,1060,1065,1117,1122,1125,1130,1152,1171,1214,1225,1268,1283,1283,1309,1309,1329,1340,1340,1343,1354,1358,1374,1376,1383,1386,1417,1419,1428,1440,1442,1475,1516,1530,1532,1535,1546,1557,1560,1576,1582,1587,1626,1655,1666,1669,1687,1735,1752,1799,1813,1843,1847,1875,1876,1880,1948,2034,2173,2713,2717};25.25;16.8;2025-04-12 15:15:23.846
308;272;uppsala;Sweden;2025-03-01 00:00:00.000;{1042,1186,1195,1205,1213,1215,1220,1223,1238,1253,1314,1318,1318,1328,1329,1334,1354,1388,1435,1438,1441,1444,1447,1451,1479,1496,1499,1505,1511,1515,1523,1528,1553,1553,1573,1606,1634,1643,1657,1664,1667,1709,1725,1780,1847,1939,1957,2198,2204,2890,2892};25.84183006535948;17.36666666666667;2025-04-12 15:15:26.530
309;271;uppsala;Sweden;2025-02-22 00:00:00.000;{995,1055,1135,1154,1159,1172,1179,1245,1258,1284,1333,1356,1359,1372,1381,1392,1415,1428,1446,1472,1472,1527,1529,1561,1563,1564,1565,1594,1607,1611,1651,1676,1676,1683,1698,1796,1813,1825,1854,1872,1880,1931,1955,1970,2031,2115,2115,2265,2409,2410,2923,2924,3056,3152};28.35277777777778;16.58333333333333;2025-04-12 15:15:29.666
310;270;uppsala;Sweden;2025-02-15 00:00:00.000;{1087,1087,1165,1213,1219,1253,1255,1295,1301,1358,1359,1371,1381,1487,1514,1516,1520,1563,1567,1567,1569,1578,1606,1624,1630,1637,1663,1670,1674,1677,1682,1746,1800,1808,1837,1850,1850,1883,1920,1920,1954,2111,2292,2299};26.65075757575757;18.11666666666667;2025-04-12 15:15:32.263
311;269;uppsala;Sweden;2025-02-08 00:00:00.000;{1030,1082,1116,1169,1174,1230,1231,1266,1291,1309,1331,1337,1357,1384,1388,1399,1418,1439,1473,1478,1492,1500,1505,1515,1517,1535,1539,1547,1563,1575,1586,1630,1662,1664,1682,1683,1685,1702,1707,1727,1734,1858,1928,1986,2108,2227,2687,3141,3145};26.7795918367347;17.16666666666667;2025-04-12 15:15:34.996
322;268;uppsala;Sweden;2025-02-01 00:00:00.000;{1040,1072,1093,1097,1112,1133,1171,1177,1177,1219,1221,1223,1227,1247,1274,1279,1298,1305,1319,1338,1356,1364,1371,1393,1394,1405,1406,1409,1423,1436,1439,1492,1502,1523,1553,1553,1557,1570,1576,1581,1592,1593,1597,1598,1602,1621,1623,1641,1665,1678,1680,1688,1727,1735,1753,1766,1908,1909,1917,1919,1936,1956,1959,2161,2228,2419,2592,2594};25.82892156862745;17.33333333333333;2025-04-12 15:16:04.593
323;267;uppsala;Sweden;2025-01-25 00:00:00.000;{1045,1158,1194,1197,1252,1280,1293,1337,1341,1345,1359,1376,1415,1431,1448,1450,1459,1500,1502,1504,1507,1521,1587,1601,1601,1609,1614,1616,1620,1634,1635,1636,1647,1650,1655,1689,1691,1692,1751,1755,1771,1781,1803,1815,1824,1960,2466,2484};26.215625;17.41666666666667;2025-04-12 15:16:07.086
324;266;uppsala;Sweden;2025-01-18 00:00:00.000;{1135,1188,1201,1255,1296,1314,1318,1367,1380,1382,1400,1403,1408,1435,1436,1461,1464,1494,1518,1523,1531,1532,1537,1565,1587,1598,1612,1619,1631,1648,1658,1659,1676,1686,1699,1702,1756,1759,1785,1806,1821,1872,1986,2251,2385};26.19962962962963;18.91666666666667;2025-04-12 15:16:09.692
325;265;uppsala;Sweden;2025-01-11 00:00:00.000;{1094,1182,1209,1250,1270,1284,1307,1313,1364,1385,1391,1392,1397,1404,1420,1427,1446,1456,1469,1498,1535,1543,1576,1577,1620,1623,1628,1643,1691,1731,1752,1798,1826,1827,1835,1870,1873,1886,1956,1966,2040,2067,2128,2354,2388,2388};27.20253623188406;18.23333333333333;2025-04-12 15:16:12.648
326;264;uppsala;Sweden;2025-01-04 00:00:00.000;{1081,1089,1102,1202,1238,1258,1300,1357,1361,1389,1397,1403,1403,1427,1440,1456,1460,1476,1551,1565,1567,1575,1589,1657,1722,1727,1761,1767,1800,1810,1822,1884,1934,2240,2302,2863,2864,2937,2968};28.0957264957265;18.01666666666667;2025-04-12 15:16:14.725
327;120;broparken;Sweden;2025-04-12 00:00:00.000;{1065,1085,1297,1305,1330,1391,1421,1427,1466,1557,1604,1623,1691,1739,1801,1804,1844,1868,1871,1898,1946,1949,1957,1957,1969,2611,2611};28.44876543209876;17.75;2025-04-12 15:16:20.426
328;119;broparken;Sweden;2025-04-05 00:00:00.000;{1168,1190,1217,1273,1295,1302,1337,1341,1360,1446,1455,1468,1486,1487,1512,1550,1558,1587,1596,1612,1615,1676,1742,1764,1785,1811,1822,1841,1843,1909,1968,1969,1970,1993,2033,2108,3407};27.7009009009009;19.46666666666667;2025-04-12 15:16:22.431
